{
  "epoch": [
    0,
    1,
    2,
    3,
    4,
    5,
    6,
    7,
    8,
    9,
    10,
    11,
    12,
    13,
    14,
    15,
    16,
    17,
    18,
    19,
    20,
    21,
    22,
    23,
    24,
    25,
    26,
    27,
    28,
    29,
    30,
    31,
    32,
    33,
    34,
    35,
    36,
    37,
    38,
    39,
    40,
    41,
    42,
    43,
    44,
    45,
    46,
    47,
    48,
    49,
    50,
    51,
    52,
    53,
    54,
    55,
    56,
    57,
    58,
    59,
    60,
    61,
    62,
    63,
    64,
    65,
    66,
    67,
    68,
    69,
    70,
    71,
    72,
    73,
    74,
    75,
    76,
    77,
    78,
    79,
    80,
    81,
    82,
    83,
    84,
    85
  ],
  "locLoss_train": [
    [
      0.7608144469559193
    ],
    [
      0.6380876675248146
    ],
    [
      0.5533878253772855
    ],
    [
      0.5139674739912152
    ],
    [
      0.4908229857683182
    ],
    [
      0.4526425823569298
    ],
    [
      0.38762622186914086
    ],
    [
      0.3862214498221874
    ],
    [
      0.35139001347124577
    ],
    [
      0.363600333686918
    ],
    [
      0.2503304183483124
    ],
    [
      0.2664885478360312
    ],
    [
      0.2669074812105724
    ],
    [
      0.14711007262979234
    ],
    [
      0.11136399768292904
    ],
    [
      0.17550539454588523
    ],
    [
      0.1424703110869114
    ],
    [
      0.14910398824856833
    ],
    [
      0.11137029671898255
    ],
    [
      0.07840495871809813
    ],
    [
      0.15420561423525214
    ],
    [
      0.14350928664207457
    ],
    [
      0.1256135545670986
    ],
    [
      0.10424876734614372
    ],
    [
      0.0812954400666058
    ],
    [
      0.19386948544818622
    ],
    [
      0.14370744345852962
    ],
    [
      0.15877745701716497
    ],
    [
      0.15565866174606177
    ],
    [
      0.1314117511591086
    ],
    [
      0.2893255522940308
    ],
    [
      0.26977573661133647
    ],
    [
      0.24096752610057592
    ],
    [
      0.2444807207211852
    ],
    [
      0.24279946507886052
    ],
    [
      0.252375656273216
    ],
    [
      0.21165331813972443
    ],
    [
      0.21488090860657394
    ],
    [
      0.19432936026714742
    ],
    [
      0.1808330430649221
    ],
    [
      0.1720585151342675
    ],
    [
      0.16610801150090992
    ],
    [
      0.16258613963145763
    ],
    [
      0.14659048593603075
    ],
    [
      0.13375285844085738
    ],
    [
      0.12961629871279
    ],
    [
      0.12434877594932914
    ],
    [
      0.1042014928534627
    ],
    [
      0.09964003134518862
    ],
    [
      0.10359410976525396
    ],
    [
      0.09812644211342558
    ],
    [
      0.08914848614949733
    ],
    [
      0.11267887696158141
    ],
    [
      0.07117048179497942
    ],
    [
      0.08370600428315811
    ],
    [
      0.06043046551349107
    ],
    [
      0.06017781655828003
    ],
    [
      0.07827796222409233
    ],
    [
      0.053368322682217695
    ],
    [
      0.06801034728414379
    ],
    [
      0.06648470497748349
    ],
    [
      0.07201872486621141
    ],
    [
      0.04163467288890388
    ],
    [
      0.031981996151444037
    ],
    [
      0.05850447321427055
    ],
    [
      0.05303211338468827
    ],
    [
      0.036064960637304466
    ],
    [
      0.031987094167561736
    ],
    [
      0.025311346114904154
    ],
    [
      0.027629560725472402
    ],
    [
      0.023689357045441284
    ],
    [
      0.04049046430372982
    ],
    [
      0.07409166304569226
    ],
    [
      0.047918395946908277
    ],
    [
      0.07476597584900446
    ],
    [
      0.04050051436206559
    ],
    [
      0.025545459662680514
    ],
    [
      0.012494285136199323
    ],
    [
      0.010011880580350407
    ],
    [
      0.025786585538298823
    ],
    [
      0.03927264618687332
    ],
    [
      0.04261111799860373
    ],
    [
      0.0466715726070106
    ],
    [
      0.0494845092180185
    ],
    [
      0.041089370475674514
    ],
    [
      0.013132226433299365
    ]
  ],
  "locAcc_train": [
    [
      0.5619012825191021
    ],
    [
      0.6706213690340519
    ],
    [
      0.7261749859899282
    ],
    [
      0.766372935846448
    ],
    [
      0.7750534880906343
    ],
    [
      0.7985123004764318
    ],
    [
      0.8426261842250824
    ],
    [
      0.8349570743739605
    ],
    [
      0.8534342516213655
    ],
    [
      0.8484177440404892
    ],
    [
      1.0
    ],
    [
      1.0
    ],
    [
      1.0
    ],
    [
      1.0
    ],
    [
      1.0
    ],
    [
      1.0
    ],
    [
      1.0
    ],
    [
      1.0
    ],
    [
      1.0
    ],
    [
      1.0
    ],
    [
      1.0
    ],
    [
      1.0
    ],
    [
      1.0
    ],
    [
      1.0
    ],
    [
      1.0
    ],
    [
      1.0
    ],
    [
      1.0
    ],
    [
      1.0
    ],
    [
      1.0
    ],
    [
      1.0
    ],
    [
      1.0
    ],
    [
      1.0
    ],
    [
      0.9999050572514534
    ],
    [
      0.9998779296875
    ],
    [
      0.9997829869389534
    ],
    [
      0.9998914934694767
    ],
    [
      0.998087564483285
    ],
    [
      0.9993625227361917
    ],
    [
      0.9991319458931684
    ],
    [
      0.9993896503001451
    ],
    [
      0.9992540143430233
    ],
    [
      0.998331705108285
    ],
    [
      0.9996066614985466
    ],
    [
      0.9986669179052114
    ],
    [
      0.9984130896627903
    ],
    [
      0.999565975740552
    ],
    [
      0.9976671021431684
    ],
    [
      0.997897682711482
    ],
    [
      0.9967041052877903
    ],
    [
      0.9962972048670053
    ],
    [
      0.9967719241976738
    ],
    [
      0.9953090157359838
    ],
    [
      0.9944816529750824
    ],
    [
      0.9958263635635376
    ],
    [
      0.9937879797071218
    ],
    [
      0.9955395963042974
    ],
    [
      0.9950629360973835
    ],
    [
      0.9956054762005806
    ],
    [
      0.9939914308488369
    ],
    [
      0.9957023579627275
    ],
    [
      0.9955919086933136
    ],
    [
      0.9942491389811039
    ],
    [
      0.995863176882267
    ],
    [
      0.9971168208867311
    ],
    [
      0.9947219155728817
    ],
    [
      0.995741106569767
    ],
    [
      0.997029623016715
    ],
    [
      0.997151693329215
    ],
    [
      0.9982231985777617
    ],
    [
      0.9983995258808136
    ],
    [
      0.9991455078125
    ],
    [
      0.9972795769572258
    ],
    [
      0.9976380411535501
    ],
    [
      0.9976806640625
    ],
    [
      0.997246639803052
    ],
    [
      0.9968261737376451
    ],
    [
      0.9979790598154068
    ],
    [
      0.9991319458931684
    ],
    [
      0.999715169891715
    ],
    [
      0.9998101126402617
    ],
    [
      0.9999321829527617
    ],
    [
      0.9994032140821218
    ],
    [
      0.9988878034055233
    ],
    [
      0.9984944649040699
    ],
    [
      0.9984266497194767
    ],
    [
      0.9993353951722383
    ]
  ],
  "train_iter": [
    32,
    32,
    32,
    32,
    32,
    32,
    32,
    32,
    32,
    32,
    7,
    7,
    7,
    7,
    7,
    13,
    13,
    13,
    13,
    13,
    20,
    20,
    20,
    20,
    20,
    26,
    26,
    26,
    26,
    26,
    32,
    32,
    32,
    32,
    32,
    32,
    32,
    32,
    32,
    32,
    32,
    32,
    32,
    32,
    32,
    32,
    32,
    32,
    32,
    32,
    32,
    32,
    32,
    32,
    32,
    32,
    32,
    32,
    32,
    32,
    32,
    32,
    32,
    32,
    32,
    32,
    32,
    32,
    32,
    32,
    32,
    32,
    32,
    32,
    32,
    32,
    32,
    32,
    32,
    32,
    32,
    32,
    32,
    32,
    32,
    32
  ],