Sample_ID,Ground_Truth,Predicted_Class,Confidence,Correct,Num_Segments
1,1,1,0.9662615656852722,True,36
2,0,0,0.9684884548187256,True,36
3,0,1,0.9282680153846741,False,36
4,0,0,0.9775960445404053,True,36
5,1,1,0.850176990032196,True,36
6,1,1,0.5811300873756409,True,36
7,0,0,0.9816348552703857,True,36
8,0,0,0.5891902446746826,True,36
9,0,0,0.9694145917892456,True,36
10,0,0,0.9369682669639587,True,36
